datetime,velocity,velocity_std_dev,back_azimuth,x_coord
NaT,0,0,0,0
26-Apr-2020 03:50:00,1.8215507018369,0.513314602316037,105.478352506032,455.884254234201
26-Apr-2020 04:00:00,1.6611087044058,1.14692057996334,103.162496643518,453.183741674448
26-Apr-2020 04:10:00,1.9861350952368,0.71199083499078,105.349893593096,448.624531299151
26-Apr-2020 04:20:00,2.39552854969206,0.681317235635474,106.508867171801,445.919049807549
26-Apr-2020 04:30:00,2.06997453882844,0.482049895631441,106.892544624755,441.384955682201
26-Apr-2020 04:40:00,1.45365518331592,0.747633309625801,106.11541383683,439.837493090268
26-Apr-2020 04:50:00,2.13107272000841,2.07398036325224,104.360178284254,437.51
26-Apr-2020 05:00:00,1.90025997225306,0.983111180142109,108.523251396532,431.85747369466
26-Apr-2020 06:30:00,2.2725492636642,0.131571475666792,110.054280643465,418.00515942029
NaT,0,0,0,0
05-May-2020 04:50:00,2.98116901570982,1.0221039333958,NaN,377.955883590227
05-May-2020 05:00:00,2.8765943060193,1.15079801280173,94.0278575735779,373.666753361252
05-May-2020 05:10:00,0.982171823831155,0.502254065210413,97.6835379050797,372.979083880943
05-May-2020 05:20:00,1.30705272756364,0.513020743649395,97.244196579766,371.22
05-May-2020 05:40:00,2.99326890248429,0.91836829180093,NaN,362
05-May-2020 05:50:00,1.80929360108464,0.725059693872288,NaN,360.028094707521
05-May-2020 06:20:00,1.96052861266817,0.251637826393869,NaN,348.99
05-May-2020 06:50:00,1.94042008703494,0.486159706329873,90.2498820802491,335.915278669691
NaT,0,0,0,0
06-May-2020 04:10:00,2.69991514235941,0.708122443374207,NaN,398.785942582239
06-May-2020 04:20:00,2.69460903222183,1.035089997597,NaN,395.302031796774
06-May-2020 04:30:00,1.46822335102118,1.13792960489608,94.1072910432892,393.901984511278
06-May-2020 04:40:00,1.94924764537027,0.58715194673746,92.7827652510175,387.499560291744
06-May-2020 04:50:00,2.19985405752016,0.85177294399685,NaN,382.383189997663
06-May-2020 05:00:00,1.83698143143528,0.485027232141133,NaN,381.065664747999
06-May-2020 05:10:00,2.46922818636508,0.627982694045101,NaN,378.007262580602
06-May-2020 05:20:00,1.71012086616828,0.45845079992882,94.6453169361266,375.883644574008
06-May-2020 05:30:00,2.23138096205062,0.479359455811492,93.6234181657658,372.932339686862
06-May-2020 05:40:00,1.81665967081303,0.646725806362232,94.0079542840459,369.887769160385
06-May-2020 05:50:00,2.02887962301813,1.20036187687702,NaN,366.24
06-May-2020 06:00:00,1.7114662913872,0.923332206159061,95.3099657104134,362.03
06-May-2020 06:10:00,1.50450387479693,0.707570773068838,95.4076841169585,355.114792101901
06-May-2020 06:40:00,2.20785447376538,0.228370018777987,94.817852942361,346.038728391884
06-May-2020 06:50:00,1.43303585864893,1.07258793220411,NaN,343.863209915118
06-May-2020 07:00:00,2.87170157829634,1.38165047798815,95.5671132268943,336.03872694291
06-May-2020 07:10:00,2.3621868863873,1.30015788524699,94.9974015268247,336.01
06-May-2020 07:20:00,2.06653594161945,1.3853523985751,NaN,327.63
NaT,0,0,0,0
07-May-2020 04:00:00,2.56753536523844,0.830336155003276,NaN,401.66
07-May-2020 04:10:00,1.93464419570419,1.11843121858675,NaN,398.01
07-May-2020 04:20:00,1.98244029678971,0.727896107341101,NaN,395.97
07-May-2020 04:30:00,2.1397557129062,0.507749964334641,NaN,392.652303178484
07-May-2020 04:40:00,2.68869440367085,0.593293504063246,93.8659195199764,389.004113732607
07-May-2020 04:50:00,1.75797991885861,1.0776511161918,95.1709070055375,383.113081819653
07-May-2020 05:00:00,1.9967022536833,1.10081580979491,94.3660017372204,381.01
07-May-2020 05:10:00,2.2523086769972,1.05624029308141,NaN,376.695067624257
07-May-2020 05:20:00,2.86590798409892,1.0080542399809,NaN,372
07-May-2020 05:30:00,2.29416777959106,0.705235839868799,NaN,367.98
07-May-2020 05:40:00,2.03766164311801,0.921001188178775,NaN,364.99
07-May-2020 05:50:00,2.10522582820046,1.0836266156775,NaN,360.01
07-May-2020 06:00:00,2.57256251333257,0.88062943029815,94.4268468391387,355.99
07-May-2020 06:10:00,1.72675397437477,0.586882522731811,NaN,353
07-May-2020 06:40:00,1.93469936261529,0.360163045578105,NaN,342.970443150165
07-May-2020 07:00:00,2.60927343352628,0.642471743636591,NaN,331.98
07-May-2020 07:10:00,1.44616704401937,0.928929296959748,NaN,333.97
07-May-2020 07:20:00,2.20518706883325,0.602172272369465,NaN,332.096724698835
NaT,0,0,0,0
08-May-2020 03:50:00,1.25844979829685,0.407412056943348,99.6288323859148,413.019985244934
08-May-2020 04:00:00,2.74214825897075,0.857858271769998,99.0736216185991,406.037430104199
08-May-2020 04:10:00,3.21081235702684,1.0378339879473,96.146623463102,399.46348705325
08-May-2020 04:40:00,2.11444774431039,0.933317222109195,NaN,390.02
08-May-2020 05:50:00,1.81348014144829,0.209240058709488,100.465010279629,366.776241258741
08-May-2020 06:00:00,2.1954355641505,0.86086012325898,NaN,364.734810320904
08-May-2020 06:10:00,1.8215469375108,0.665035050887561,96.6378360634095,362.47975131598
08-May-2020 06:20:00,2.40612031089347,0.631905961861696,97.6491480873985,357.431639405204
08-May-2020 06:30:00,1.42730199001746,0.965031800234124,NaN,357.252420652593
08-May-2020 06:40:00,4.17700494253404,2.11221594754622,98.3584302586523,345.182145501584
08-May-2020 06:50:00,0.948128226052102,0.619146382140549,97.0398539287477,346.67
08-May-2020 07:00:00,3.08147373693128,1.33781177196035,98.5971094455301,339.524286299672
08-May-2020 07:10:00,1.3061925889268,0.726787321887752,99.0126653284219,341.136718792559
08-May-2020 07:20:00,3.83238941470382,0.808339536624107,99.4191517700635,335.99
NaT,0,0,0,0
09-May-2020 04:50:00,1.43536708027368,0.365564579192354,110.244237371711,400.749723917466
09-May-2020 05:00:00,2.23377595026088,0.746034960030982,109.7524061986,395.751766966595
09-May-2020 05:10:00,0.707605944642459,0.654448605819734,106.721104894747,400.79
09-May-2020 05:20:00,4.3229679693124,1.15427143328197,107.327268136236,391.99
09-May-2020 05:30:00,1.25858283435112,0.783298323974896,105.10558456185,380.25
09-May-2020 05:40:00,1.42226696894432,0.676064179333569,107.320393668661,376.04402910139
09-May-2020 05:50:00,1.61768786688039,0.380725973134062,102.728316408283,374.357850097124
09-May-2020 06:00:00,1.94850488191391,0.765782229002642,NaN,364.194033932025
09-May-2020 06:10:00,2.4516523740676,1.09676258164486,100.532078751655,355.97
09-May-2020 06:20:00,1.18814562853509,0.441747219912173,98.4983383628446,357.579882022006
09-May-2020 06:30:00,1.59791576685914,0.694538254151091,NaN,356.330303955997
09-May-2020 06:40:00,2.07975193141926,0.925821045181746,98.508470989776,354.96
09-May-2020 06:50:00,1.91618588577887,0.695282770799282,106.911247445186,357.288939694278
09-May-2020 07:00:00,1.41251655625695,1.02807172488416,106.153742981854,353.78
NaT,0,0,0,0
10-May-2020 03:50:00,1.69309982224583,0.397825876425847,100.092217648559,430.459698811826
10-May-2020 04:00:00,2.40785965560744,0.746593339642093,103.919354877125,425.735668061782
10-May-2020 04:10:00,2.67791347546966,0.469905223814958,102.388164051978,421.404212773779
10-May-2020 04:20:00,1.94122939336231,0.491426238882223,102.561856915895,416.709638873133
10-May-2020 04:30:00,2.3118502457121,0.459772575663076,105.20924447768,414.964531567415
10-May-2020 04:40:00,1.74796660493038,0.503762425626201,103.517913810061,411.959443140469
10-May-2020 04:50:00,1.18396473980866,0.915018435954588,NaN,407.235467820496
10-May-2020 05:00:00,2.25801953503233,1.0694699488371,103.139861885558,399.891965273303
10-May-2020 05:10:00,2.17173971900753,0.58520534786128,NaN,400.234678947368
10-May-2020 05:20:00,1.88780209526427,1.06154410982118,101.503978561516,395.276888024629
10-May-2020 05:30:00,1.53161689963219,1.13999374988797,101.611508091225,395.809635343618
10-May-2020 05:40:00,1.41172501108439,0.815155143857086,NaN,392.599506211504
10-May-2020 05:50:00,2.35336375665817,0.545716636016112,103.406715095121,389.225627588628
10-May-2020 06:00:00,2.57597765239272,0.417228973151607,105.351528707735,386.081536594138
10-May-2020 06:20:00,1.25826836306664,0.601040818623162,106.383645124204,379.03
10-May-2020 07:40:00,1.59045551734537,0.380772446180836,NaN,353.225486484987
10-May-2020 07:50:00,0.740862062703002,0.735483359386665,NaN,345
10-May-2020 08:00:00,2.6900959124113,1.19131598035087,100.962287538975,339.98
10-May-2020 08:10:00,1.0759806010997,0.952781056493423,NaN,338.99
10-May-2020 08:30:00,1.19369506746347,0.413008673757403,102.904170434919,336.99
NaT,0,0,0,0
12-May-2020 04:40:00,3.97876596029969,2.14848759053721,102.672044509196,390.962254112911
12-May-2020 04:50:00,3.04889515824214,1.93964045913704,NaN,387
12-May-2020 05:00:00,1.59883794177474,0.878092851441914,101.2028694607,382
12-May-2020 05:10:00,3.39561572346433,0.37645400334187,102.35001388923,374.939284852949
12-May-2020 05:20:00,1.05553100845282,1.05306295416876,NaN,375.894890464241
12-May-2020 05:30:00,1.82967167565702,0.955624523767755,NaN,372
12-May-2020 05:40:00,2.3925242747558,1.12490209612573,100.740945201316,372.028716206524
12-May-2020 05:50:00,1.86085567137835,0.909045699084091,101.383838141174,366.473338992643
12-May-2020 06:00:00,1.69568848918065,0.96700819917694,NaN,365.02
12-May-2020 06:10:00,1.59593892411342,0.486106028766871,NaN,362.656041564945
12-May-2020 06:20:00,2.72020730757049,0.903292929936869,102.831626092247,355.75
12-May-2020 06:30:00,1.66686683343379,0.870713743311476,98.4990879059529,351.019516823174
12-May-2020 06:40:00,1.19272789821744,0.912937319729368,100.84273485824,349.537264127875
12-May-2020 06:50:00,2.05899643610597,0.468459272872644,100.360027256737,346.963937202065
12-May-2020 07:00:00,1.709010900101,0.841812511878882,97.636914592913,345.97
12-May-2020 07:20:00,2.24180157635264,0.874028824984381,NaN,337.23391956458
12-May-2020 07:30:00,1.33862284876159,1.29049328025758,NaN,337.98
12-May-2020 07:40:00,0.585045664313592,0.558944469862954,100.215001240018,334.99142793166
12-May-2020 07:50:00,2.70446638884878,1.06217613384186,100.819591650345,332.03
12-May-2020 08:10:00,1.42045594759314,0.525031495655771,NaN,325.06
12-May-2020 08:20:00,1.75837781748176,0.917901550366003,103.77029995188,319.631018389739
12-May-2020 08:30:00,2.10276423773136,0.954626595053511,97.9975780485883,317.115420594843
12-May-2020 08:40:00,1.77587390023884,0.869035523518284,NaN,314.99
NaT,0,0,0,0
26-May-2020 03:20:00,1.44952411034104,0.43598405133647,NaN,403.009596407879
26-May-2020 03:40:00,1.58944779320662,0.460219288996367,NaN,398.095123745819
26-May-2020 04:10:00,2.2476238690533,0.531344335460519,NaN,386.873361326464
26-May-2020 04:20:00,1.31684895693548,0.748391111649413,NaN,384.02
26-May-2020 04:30:00,2.02585312160551,0.863956420238889,NaN,380.027412902786
26-May-2020 04:40:00,0.790444948186822,0.702815477684093,98.9855124749516,378.596510395434
26-May-2020 04:50:00,2.30825892882788,1.03351312369512,NaN,374.48
26-May-2020 05:00:00,2.65391479794591,1.03437794624074,NaN,371.76
26-May-2020 05:10:00,1.96510891844567,0.543947234302211,96.1468267774576,370.02
NaT,0,0,0,0
27-May-2020 03:20:00,2.06037037662066,0.45666441105833,NaN,411.01
27-May-2020 03:30:00,2.26471725203366,0.530426743774431,95.6505769006721,406.83057656996
27-May-2020 03:40:00,2.02376677139793,0.619785922924591,96.0418694736494,403.492490816484
27-May-2020 03:50:00,3.24485686670152,0.813553903005288,NaN,398.99
27-May-2020 04:00:00,1.57592330295889,0.726893479853681,NaN,397.03
27-May-2020 04:10:00,2.33499987284523,0.587686802658622,NaN,392.98
27-May-2020 04:20:00,1.81056143220881,0.918061089759737,NaN,390.010679316356
27-May-2020 04:30:00,2.69512884354218,0.409361199104876,NaN,386
27-May-2020 04:40:00,1.8810568645768,0.552657076783269,98.0328721391332,382.242827617602
27-May-2020 04:50:00,2.10290535957808,0.592903013911705,NaN,377.98
27-May-2020 05:00:00,1.69962216028578,0.55635736591296,NaN,376.99
27-May-2020 05:10:00,2.11284079116832,0.814518748216357,NaN,374.01
27-May-2020 05:20:00,2.19686237275895,0.971254571283254,NaN,371.99
27-May-2020 05:30:00,1.58953581303868,0.80875310047318,NaN,368.97
27-May-2020 05:40:00,2.01912667971764,0.67142739498269,96.3174167506855,364.979669772854
27-May-2020 06:30:00,1.65420954187659,0.328308276119649,96.3205854738606,351
27-May-2020 06:40:00,3.46977604742796,1.34630341844026,98.794700797479,341.98
27-May-2020 06:50:00,1.0407441084707,0.856810374009466,98.8908610379813,341.93
27-May-2020 07:20:00,1.55455791702601,0.363239286721401,96.5405765052087,335.98
27-May-2020 08:00:00,1.14206053281945,0.665390313755388,96.8009763312564,325.873388109125
27-May-2020 08:10:00,2.18409971609794,0.831764077269253,99.6724795500894,318.448318322238
27-May-2020 08:30:00,1.71172767552384,0.260489397296366,NaN,312.778794137242
NaT,0,0,0,0
29-May-2020 04:30:00,1.5050824155122,0.681318442281782,87.5839966299185,432.987936499129
29-May-2020 05:30:00,2.21993076130268,0.545336848314393,NaN,409.71590881459
29-May-2020 05:40:00,1.95815643448649,0.501363664851928,NaN,402.98910773639
29-May-2020 05:50:00,1.19482489768921,0.575472455638762,92.1074750222295,400.970752722063
29-May-2020 06:00:00,1.08847024910016,0.603206066307941,NaN,399.008364312268
29-May-2020 06:10:00,2.95561221967475,0.848978348638883,NaN,393.069469026549
29-May-2020 06:20:00,1.74608688464199,0.746270321151317,NaN,390.02
29-May-2020 06:30:00,1.31364432820853,0.887203810104863,NaN,387.97
29-May-2020 06:40:00,2.14075960421243,0.804456559117203,NaN,382.987570435677
29-May-2020 07:00:00,1.401211686869,0.504003167869027,NaN,377.98
29-May-2020 07:10:00,3.14639235683635,1.1647396412462,NaN,374.02
29-May-2020 07:20:00,1.85965298346916,0.962404898272177,NaN,371
29-May-2020 07:30:00,0.843626985354637,0.60079047328757,NaN,371.893746054215
29-May-2020 07:40:00,1.40828794191963,0.695106489813807,NaN,368.228521074352
29-May-2020 07:50:00,2.17017021794255,0.699153181973778,98.2074709091831,365.04
29-May-2020 08:00:00,2.19108767476198,0.472544940510412,NaN,361.01
29-May-2020 08:10:00,1.58304962681715,0.957888501211065,93.9815979665842,359.02421022565
29-May-2020 08:20:00,1.70204508065665,0.886649381686968,NaN,357.02
29-May-2020 08:30:00,1.94302097328773,0.869936699978297,NaN,352.902245386715
29-May-2020 08:40:00,1.11168817637876,0.788409988576903,91.7676113913104,350
NaT,0,0,0,0
01-Jun-2020 04:40:00,1.03230320454402,0.819135095654316,100.138916956525,307.990595363224
01-Jun-2020 04:50:00,1.84231256183769,1.10464322539204,96.1375319630213,292.930167287603
01-Jun-2020 05:00:00,1.18634436634325,0.525862919568106,97.6545914938413,290.352774304798
01-Jun-2020 05:10:00,2.17650052044331,0.943531042882024,96.9225604023453,289.106920570412
01-Jun-2020 05:20:00,1.28025044355652,0.826467611743816,102.536365990957,303.521721459073
01-Jun-2020 05:30:00,2.01529305688578,0.744945455823597,101.83945000681,296.668417373542
01-Jun-2020 05:40:00,2.48553584874603,0.761783564650272,101.847310632583,290.331873120987
01-Jun-2020 06:00:00,1.00804198527604,0.489543634159983,98.9036660580967,281.201086246037
NaT,0,0,0,0
NaT,0,0,0,0
NaT,0,0,0,0
NaT,0,0,0,0
02-Jun-2020 05:00:00,3.27573972289565,1.71707664803098,99.010213322707,308.142603255166
02-Jun-2020 05:10:00,1.27343193071464,1.14785064315377,101.86526242314,307.688805437817
02-Jun-2020 05:20:00,2.02290654910273,1.27852449371177,100.190169680197,302.094248296945
02-Jun-2020 05:30:00,1.1402679189555,0.674264526405734,98.1325992802255,300.840800313758
02-Jun-2020 05:40:00,1.94984307281044,0.767575772201029,98.4733622186091,300.215817365035
02-Jun-2020 05:50:00,1.14187793945046,0.811054389963847,98.1752533126357,293.532865179117
02-Jun-2020 06:00:00,1.33375139782723,0.719428975740308,99.1678140856398,291.192934636026
02-Jun-2020 06:10:00,1.63901467573082,0.76263893063593,97.9745604694989,289.377017339994
02-Jun-2020 06:20:00,1.53214725703139,0.794507835332889,98.4526289153205,287.4
02-Jun-2020 06:30:00,1.35058182373085,1.44388279043444,97.1801219603338,283.090170175812
02-Jun-2020 06:40:00,1.18679122141506,0.881712089683743,97.1760749336339,282.965644230041
02-Jun-2020 06:50:00,1.69498033121016,0.947470380108646,99.7991711076413,284.636033726583
02-Jun-2020 07:00:00,1.02878676443397,0.611101002640296,97.9273342644716,282.957680141806
NaT,0,0,0,0
NaT,0,0,0,0
NaT,0,0,0,0
03-Jun-2020 04:00:00,1.5817284268817,0.947303370251986,95.0967311576971,317.565489241123
03-Jun-2020 04:10:00,2.31448472097977,1.00930463399386,94.9729003537507,313.233220802723
03-Jun-2020 04:20:00,1.77481618079195,0.601945401961259,95.8816070337941,314.02
03-Jun-2020 04:30:00,2.46302402808477,0.802247941764986,96.8778057512259,306.99
03-Jun-2020 04:40:00,1.66193078944138,0.945496878658137,93.0160102407703,307.031145290581
03-Jun-2020 04:50:00,1.66216890067811,0.766800763076629,96.4640981446779,302.853034785671
03-Jun-2020 05:00:00,1.37055042686223,0.697373119277102,95.9209025166505,300.986029900332
03-Jun-2020 05:10:00,1.62370105407257,0.866367121100576,NaN,298.280421474647
03-Jun-2020 05:20:00,1.7005336196474,0.944878650155357,99.1506490062753,298.04
03-Jun-2020 05:30:00,2.07172442048697,0.846172506760693,97.7993200571723,293.76545905369
03-Jun-2020 05:40:00,1.18306480252166,0.660348241695189,96.2126885785278,290.333054918033
03-Jun-2020 05:50:00,3.2229632472713,0.955176275452776,95.8494565274817,285.931184220245
03-Jun-2020 06:00:00,1.53924180195656,1.02715051263617,97.0580970179774,285.141721175344
03-Jun-2020 06:10:00,1.17514401036035,0.683782566181245,95.4150957049486,284
03-Jun-2020 06:20:00,0.896030252472158,0.419514837780461,NaN,283.99
03-Jun-2020 06:30:00,2.59568527960548,0.884876109958378,NaN,281.99
03-Jun-2020 06:40:00,0.934563755196872,0.891945516897634,96.6598297493414,282.02
03-Jun-2020 06:50:00,1.27263018411859,0.652551403619322,96.3746965763128,279
03-Jun-2020 07:00:00,1.79131949831062,0.675248725118932,97.5587278920846,277.099026873562
NaT,0,0,0,0
NaT,0,0,0,0
NaT,0,0,0,0
NaT,0,0,0,0
NaT,0,0,0,0
NaT,0,0,0,0
04-Jun-2020 04:00:00,1.11011673972242,0.684379274361778,NaN,325.91353770902
04-Jun-2020 04:10:00,0.774225545798916,0.492724019019018,96.4607476491794,323.908247156812
04-Jun-2020 04:20:00,3.23625915433617,0.656069649404922,97.4222493385113,318.96
04-Jun-2020 04:30:00,1.82893602458423,0.605894718414392,NaN,316.456842503626
04-Jun-2020 04:40:00,1.35954752152457,0.580566755032424,97.5394722747756,317.990561901957
04-Jun-2020 04:50:00,2.265558442162,0.892351746847476,NaN,311.697953188111
04-Jun-2020 05:00:00,1.87323052290921,0.961903996971292,97.836230595373,311.96267705715
04-Jun-2020 05:10:00,2.48119814950332,1.27258385046598,98.4995919240574,307.99
04-Jun-2020 05:20:00,1.66969991770918,0.686464047194434,98.7067537281105,307.354233521191
04-Jun-2020 05:30:00,2.29811063862553,0.656911075465801,99.504576541188,302.092485507572
04-Jun-2020 05:40:00,2.03980282245478,0.968219151970329,99.4061153398019,298.386826704953
04-Jun-2020 06:00:00,2.91278919048216,1.89459433710968,100.62960079281,288.670410022779
NaT,0,0,0,0
04-Jun-2020 06:20:00,0.532045577056693,0.410320788758293,95.0312514063216,283.043333333333
04-Jun-2020 06:30:00,1.80463600173066,1.20510979501411,95.9485590820202,280.969239061444
04-Jun-2020 06:40:00,2.03546253653949,0.636172106959758,96.0393536754498,278.070854008181
04-Jun-2020 06:50:00,1.06793416356529,0.685242515235613,NaN,268.964396309201
04-Jun-2020 07:00:00,1.48091187356907,1.03572170168898,NaN,268.691488432999
04-Jun-2020 07:10:00,2.50513833365718,1.16443577781623,91.7016571390285,263.033025846066
04-Jun-2020 07:20:00,1.61114083432783,0.807497831468058,92.2789427626783,259.01
NaT,0,0,0,0
NaT,0,0,0,0
NaT,0,0,0,0
NaT,0,0,0,0
NaT,0,0,0,0
NaT,0,0,0,0
NaT,0,0,0,0
05-Jun-2020 03:50:00,2.56641604865241,0.783555268847125,98.0280332046909,338.665758085121
05-Jun-2020 04:00:00,2.25372671065235,0.512838719363283,96.1903732705956,333.73
05-Jun-2020 04:10:00,1.65486334540144,0.826602411912655,96.113256871224,328.066982970228
05-Jun-2020 04:20:00,2.60246644356073,0.890434248401759,95.5039032714373,322.98
05-Jun-2020 04:30:00,1.17000098890245,0.606434524008404,97.6974787807982,320.572542298219
05-Jun-2020 04:40:00,1.42386745022862,0.85428695437223,NaN,320.894844100472
05-Jun-2020 04:50:00,1.59429576806601,1.37137718130529,99.5144490079604,317.053829094509
05-Jun-2020 05:00:00,1.80433353409569,1.13272823427228,99.2255665437493,313.1
05-Jun-2020 05:10:00,1.98451872658898,1.13784229735234,97.9847788346882,312.92228306221
05-Jun-2020 05:20:00,2.58354160963901,1.58250385301772,NaN,307.978519771529
05-Jun-2020 05:30:00,0.565943336860902,0.582263330376148,103.058297745593,312.474052390196
05-Jun-2020 05:40:00,5.81912264994157,3.17521317821178,102.664309578348,301.920872125713
05-Jun-2020 06:00:00,1.53351966839559,1.33684830887548,NaN,288.96340258716
05-Jun-2020 06:10:00,1.77103740732764,0.987355851501103,NaN,287.02
05-Jun-2020 06:20:00,2.01176922936601,0.938525630520498,NaN,287.98467400163
05-Jun-2020 06:30:00,1.95650733525754,1.74416747926142,94.4695667358293,284.278888208695
05-Jun-2020 06:40:00,1.40943119426418,0.811343696905285,95.022472213415,283.1
05-Jun-2020 07:00:00,1.56769508660355,0.376544824875115,96.9692277447065,272.995532619365
05-Jun-2020 07:10:00,1.377108589262,0.697015471623903,96.3065438638032,269.95
NaT,0,0,0,0
NaT,0,0,0,0
NaT,0,0,0,0
NaT,0,0,0,0
NaT,0,0,0,0
NaT,0,0,0,0
NaT,0,0,0,0
10-Jun-2020 04:50:00,1.36258591974171,0.266158446218946,98.0910094147481,371.405967336683
10-Jun-2020 05:00:00,3.69075895729995,0.390399070517618,97.7556634048552,361.890284410551
10-Jun-2020 05:40:00,2.32300025907057,1.37578337952991,NaN,349.005047024119
10-Jun-2020 05:50:00,1.28652972501731,0.649176831852834,102.021647319159,344.842946615609
10-Jun-2020 06:00:00,2.59702184382398,1.16874096725932,NaN,337.917205587934
10-Jun-2020 06:10:00,1.89156432671042,0.791659971908425,NaN,327.436152712431
10-Jun-2020 06:20:00,1.2131633824018,0.756922688428605,104.751031432496,312.06
NaT,0,0,0,0
11-Jun-2020 05:00:00,2.0072543164739,1.22355389347222,100.949652753238,383.971461640847
11-Jun-2020 05:20:00,1.26516561563148,0.57543043883119,101.216063089855,380.413054156945
11-Jun-2020 05:30:00,2.4213271468548,0.806391452257255,101.151347602366,373.02
11-Jun-2020 07:40:00,1.5588191230601,0.113459431297827,102.161833010144,339.99
11-Jun-2020 07:50:00,1.71451512066138,0.92846562605013,100.851008555969,338.139699110672
11-Jun-2020 08:00:00,1.01705819353058,0.564380280867864,102.90852347075,324.029424127785
NaT,0,0,0,0
15-Jun-2020 04:30:00,1.97723713305205,1.0260698887989,NaN,291.78
15-Jun-2020 04:40:00,2.37966973477665,0.832094592896463,NaN,288.266938059125
15-Jun-2020 04:50:00,0.811247583532663,0.867202135946158,102.725093558115,286.727901633459
15-Jun-2020 05:00:00,1.75874719086611,0.629996018722084,103.760050248951,287.906449971424
15-Jun-2020 05:10:00,1.22925810330652,0.791378632426195,NaN,287.470803009648
15-Jun-2020 06:10:00,1.69423402660594,0.209088465991305,102.426026759785,263.934224386045
NaT,0,0,0,0
NaT,0,0,0,0
NaT,0,0,0,0
NaT,0,0,0,0
NaT,0,0,0,0
NaT,0,0,0,0
NaT,0,0,0,0
NaT,0,0,0,0
NaT,0,0,0,0
NaT,0,0,0,0
16-Jun-2020 04:40:00,1.27344583707918,0.692597776128602,103.823699010131,303.583722454127
16-Jun-2020 04:50:00,1.43990639327189,0.495588870083768,103.967816758508,301.482545598731
16-Jun-2020 05:00:00,1.97995938897081,0.23373955874427,NaN,297.973007737125
16-Jun-2020 05:10:00,1.71954161933672,1.07905783162235,103.851195774041,293.342927717238
16-Jun-2020 05:20:00,1.50893147766738,0.969076629510476,103.17801298713,292.327855490416
16-Jun-2020 05:30:00,0.808407087387325,0.44450648118136,103.61165416362,291.499760424486
16-Jun-2020 05:40:00,1.39994835489418,0.96583007888,102.927394389472,287.794727258281
16-Jun-2020 05:50:00,1.65092903712603,0.887674909266837,104.152192996631,283.997119752732
NaT,0,0,0,0
16-Jun-2020 06:40:00,2.63422035431599,0.752616716939216,108.846635148221,279.687529451074
NaT,0,0,0,0
NaT,0,0,0,0
17-Jun-2020 04:30:00,2.58167498787959,0.64354268551542,100.854696735302,315.856735184553
17-Jun-2020 04:40:00,1.15574130934445,0.761917685643803,NaN,314.137066654138
17-Jun-2020 04:50:00,2.16008135583841,0.780059944479566,101.605931065961,311.268884264305
17-Jun-2020 05:00:00,2.02803741439663,0.733576085253136,100.383332928837,306.329968664662
17-Jun-2020 05:10:00,0.823081234657192,0.488907761040026,100.78550309136,305.110865435356
17-Jun-2020 05:20:00,2.33554773458016,0.93803711101189,99.6402571016824,301.9404202194
17-Jun-2020 06:30:00,1.98936098320523,0.63482762746238,NaN,268.930509502795
17-Jun-2020 06:40:00,1.53482622280089,0.68535774517926,101.075574788576,266.92
17-Jun-2020 06:50:00,0.534879420851402,0.399708890036789,99.8574053629228,264.634775193798
NaT,0,0,0,0
NaT,0,0,0,0
NaT,0,0,0,0
18-Jun-2020 04:50:00,1.37409363528422,0.528280734303467,97.0055872615779,319.531761369577
18-Jun-2020 05:00:00,1.48020477845698,0.603953846330845,NaN,313.95
18-Jun-2020 05:10:00,3.10393054361883,1.19092716366189,97.6181475692617,314.253819805613
18-Jun-2020 05:50:00,1.27235323019984,0.271885314450222,100.039438762965,306.300912997665
18-Jun-2020 06:10:00,1.48242644379472,0.478219451988519,NaN,303.086841040462
18-Jun-2020 06:20:00,2.26456633469146,0.811683110108227,97.3326350300455,292.934095520347
18-Jun-2020 06:30:00,1.19729950856285,0.91517504581112,NaN,291
18-Jun-2020 06:40:00,2.15342127198964,0.848754140824982,92.2818653552566,285.218064196113
18-Jun-2020 06:50:00,1.95277022119664,0.459519910394411,NaN,282.998477038417
18-Jun-2020 07:00:00,1.23797756956229,0.876442767169646,95.4144523696328,281.99
18-Jun-2020 07:10:00,1.9681293275857,1.28701657743637,94.4204045561058,279.008299390516
18-Jun-2020 07:20:00,2.81464381227095,0.600629690020669,95.7408434253294,273.881924200217
18-Jun-2020 07:30:00,1.76991322183941,0.757562668794157,91.961220755212,264.99
18-Jun-2020 07:40:00,1.75022516688834,1.05925670771987,94.5463393942289,263.5
18-Jun-2020 07:50:00,0.656907040380784,0.39913340112715,92.20450624932,262.878932400238
NaT,0,0,0,0
NaT,0,0,0,0
19-Jun-2020 04:10:00,1.76425785557297,1.02850370591267,NaN,328.628370777239
19-Jun-2020 04:20:00,2.47025524830322,1.26505969680655,102.55597063783,324.361149592574
19-Jun-2020 04:30:00,1.39330497596502,0.770380806692121,102.044300232015,321.719050476145
19-Jun-2020 04:40:00,1.54336999324747,0.466780179844818,102.55081767482,321.025120474056
19-Jun-2020 04:50:00,2.40912679406652,0.595151952485734,101.108541161497,316.915943128942
19-Jun-2020 05:00:00,1.27796642392515,1.03372702973787,NaN,320.019235630211
19-Jun-2020 05:10:00,2.16176364006105,1.09108021452683,NaN,310.87770312622
19-Jun-2020 05:20:00,1.68676888586105,0.735597201479028,103.626189062629,307.98
19-Jun-2020 05:30:00,1.53826497707993,0.99988802856886,103.441450575053,309.353436019273
19-Jun-2020 05:40:00,1.2556113597847,0.640048618235677,103.471232516426,306
19-Jun-2020 05:50:00,2.0399143853475,0.889871812421551,NaN,302.864285346234
19-Jun-2020 06:00:00,0.865796630437142,0.70152769144577,104.569860574943,301.25
19-Jun-2020 06:10:00,2.31472795024152,0.521942755777901,NaN,297.385539957313
19-Jun-2020 06:20:00,1.9271302965783,1.05383697047301,106.765993354463,297.871859116354
19-Jun-2020 06:30:00,1.79359878801636,0.550012031886191,NaN,283.79205894646
19-Jun-2020 06:40:00,1.43142886045493,0.771333514898858,97.7393369208471,279.912428861789
19-Jun-2020 06:50:00,2.69396724499786,1.00722462751701,NaN,275.262360248447
NaT,0,0,0,0
NaT,0,0,0,0
NaT,0,0,0,0
NaT,0,0,0,0
NaT,0,0,0,0
20-Jun-2020 04:20:00,1.72950744194127,1.05613574439213,103.458013350211,322.9966474432
20-Jun-2020 04:30:00,1.89138767291683,1.40639966620176,101.794587994233,320.946845289542
20-Jun-2020 04:40:00,1.59542499436864,0.76485864495025,NaN,321.799786262174
20-Jun-2020 04:50:00,2.43143544502803,0.818095150687137,104.99766596752,317.01976117575
20-Jun-2020 05:00:00,1.34091767754345,0.778084628992494,104.046486958272,316.828477233008
20-Jun-2020 05:10:00,1.62664865052558,0.823765680897686,NaN,311.226041183025
20-Jun-2020 05:20:00,2.39050961247215,1.87952643053693,108.404385423998,305.173162369734
20-Jun-2020 05:30:00,0.723354838660962,0.515875161945269,103.106262820213,308.153078338391
20-Jun-2020 05:40:00,1.47741546702093,1.17621018755717,105.788766028437,308.291884057971
20-Jun-2020 05:50:00,0.932915274614701,0.933936716215802,105.480674300072,304.627800151768
20-Jun-2020 06:00:00,1.38297334078589,1.19619916830931,103.760141151453,306.006844301665
20-Jun-2020 06:20:00,2.332971394203,0.729907917748327,107.04008544166,296.020293504455
20-Jun-2020 06:30:00,1.94134559820467,0.592999526703448,102.398600698774,287.802098169048
20-Jun-2020 06:40:00,1.26575660871736,1.01535059869294,NaN,278.94
NaT,0,0,0,0
NaT,0,0,0,0
NaT,0,0,0,0
NaT,0,0,0,0
NaT,0,0,0,0
NaT,0,0,0,0
NaT,0,0,0,0
NaT,0,0,0,0
NaT,0,0,0,0
NaT,0,0,0,0
21-Jun-2020 03:50:00,2.56234595560724,1.29736404299598,101.993707173382,339.02
21-Jun-2020 04:00:00,1.7952238146733,0.907544003960813,101.584144856082,334.988250142081
21-Jun-2020 04:10:00,2.07191431758428,1.15791966825809,103.296264974269,333.819900125536
21-Jun-2020 04:20:00,1.1750430645129,0.504565446305469,101.643968878623,331.752247110753
21-Jun-2020 04:30:00,1.85626979382895,0.96876197584618,NaN,327.42470349176
21-Jun-2020 04:40:00,1.98627932880522,1.19723271156343,NaN,327.086971798616
21-Jun-2020 04:50:00,1.4805659722023,0.803567394552965,NaN,328.768854836643
21-Jun-2020 05:00:00,1.87308802662307,1.34114234248613,101.335479609894,321.22
21-Jun-2020 05:10:00,1.31700655458557,1.91053661905789,104.400943612516,333.243385201145
21-Jun-2020 05:20:00,2.61330778771965,0.929349095284218,100.358868806883,328.01062368611
21-Jun-2020 05:30:00,0.909037747317371,0.659268797759474,104.693255186757,328.967992421313
21-Jun-2020 05:50:00,1.42203726936184,0.428676551882453,106.750446538865,321
21-Jun-2020 06:00:00,1.40208886644309,0.931479334138236,106.109160261864,318.018054307202
21-Jun-2020 06:10:00,3.54079572314898,1.79545704076724,105.991522442056,297.861896686303
NaT,0,0,0,0
21-Jun-2020 06:30:00,1.59133908506875,1.00213804106064,105.448727263841,293.119909764856
21-Jun-2020 06:40:00,2.19534553598212,0.70492757538646,104.971179285933,296.095278078418
21-Jun-2020 06:50:00,0.867839663573623,0.735638787775784,105.247232923592,295.546757269666
NaT,0,0,0,0
NaT,0,0,0,0
NaT,0,0,0,0
NaT,0,0,0,0
22-Jun-2020 03:30:00,1.8686384779448,0.538809213884848,102.901014948306,352.867188888889
22-Jun-2020 03:40:00,2.27130072063523,1.00273567465576,NaN,349.99
22-Jun-2020 03:50:00,1.65899084056663,0.406432356132769,104.55470053565,346.05833712984
22-Jun-2020 04:20:00,1.86632136535967,0.232744193515226,NaN,337
22-Jun-2020 04:30:00,1.32685109477898,0.490907516985527,NaN,340.06
22-Jun-2020 04:40:00,2.85614991998906,1.06712992813927,NaN,339.899544055124
22-Jun-2020 05:00:00,1.31640351727761,0.261224803540374,103.141487864058,333.548256831142
22-Jun-2020 05:10:00,1.54782522808701,0.792131714356294,NaN,337.241182795699
22-Jun-2020 05:20:00,1.76400765849333,0.762136358771302,106.700175289717,333.919354769649
22-Jun-2020 05:30:00,1.50487452775218,1.22154615069608,103.804119110782,327.435744065267
22-Jun-2020 05:40:00,2.4549363074262,2.18148769048442,NaN,325.94
22-Jun-2020 05:50:00,1.89236225359306,1.46919053502429,NaN,330.452065324165
22-Jun-2020 06:30:00,1.93435383301541,0.362195535135199,107.596394508877,321.01
22-Jun-2020 06:50:00,1.26843303368149,0.320245840275156,108.142096828829,316.826312607945
22-Jun-2020 07:00:00,1.4805066204198,1.2296603064922,109.577414613222,317.03
22-Jun-2020 07:10:00,1.06517800219971,0.785720025317415,111.428240520274,314.760343650251
NaT,0,0,0,0
24-Jun-2020 05:00:00,1.57866202008035,0.469343909238421,107.705361378426,341.100140328783
24-Jun-2020 05:10:00,1.3836844907215,0.689655607604256,103.78353110615,343.853778325123
24-Jun-2020 05:20:00,1.59839360981011,0.773136955195408,103.398137539569,349.78
24-Jun-2020 05:30:00,1.29357672414008,1.1910683827437,NaN,347.962150537634
24-Jun-2020 06:20:00,1.6631335586077,0.205857947959983,103.251450546935,332.315609283727
24-Jun-2020 06:40:00,1.78428150774683,0.421740006536868,NaN,314.612094310767
24-Jun-2020 06:50:00,1.56304491090768,0.609435899329318,NaN,311.497747397982
24-Jun-2020 07:00:00,0.942919542426383,0.534013385785482,NaN,307.713444509867
24-Jun-2020 07:10:00,2.77973598253425,1.14061609488703,103.8655648908,302.045276252019
NaT,0,0,0,0
25-Jun-2020 06:20:00,1.85528725685311,0.173219774964197,102.051973335307,327.081184417387
25-Jun-2020 06:30:00,2.35214036997313,1.02230659773722,104.581874086295,327.836952213732
25-Jun-2020 06:40:00,1.8631120016644,0.53529968456245,104.527230945454,327.88
25-Jun-2020 06:50:00,0.774064527225576,0.524115888706615,103.16922384628,330.510342841422
25-Jun-2020 07:00:00,1.82401555481464,0.591761310456666,104.943110022244,327.917858174738
25-Jun-2020 07:10:00,1.65644609006648,0.681554170568767,103.796401984535,324.676282045418
25-Jun-2020 07:40:00,1.39471163795907,0.815303329503326,101.437762568489,326.758964309764
25-Jun-2020 07:50:00,2.1946232841922,1.22335449683203,104.590145496014,324.292089623695
25-Jun-2020 08:00:00,2.31162359334837,1.1243455273782,NaN,301.772024062279
25-Jun-2020 08:10:00,0.474904723815306,0.312297433800742,107.494135253834,312.539995639802
25-Jun-2020 08:20:00,1.80770701395242,1.01884714419654,105.652213759454,316.87486246962
25-Jun-2020 08:30:00,1.73611674045955,1.08622815924263,106.071918595541,310.176653917939
25-Jun-2020 08:40:00,1.23749379925064,0.451535304547631,106.670004738236,307.27
25-Jun-2020 08:50:00,1.87458116050268,1.15543758079761,NaN,307.248711198428
25-Jun-2020 09:00:00,1.21971416982765,1.23155014001596,106.975317604304,304.068239002787
25-Jun-2020 09:10:00,0.894660245907686,0.692622583010986,108.529787159626,307.291850878966
NaT,0,0,0,0
27-Jun-2020 04:00:00,1.74608790436485,0.470038299971568,97.6273718986589,417.042109858339
27-Jun-2020 04:20:00,1.98607018834279,0.378134576480651,98.3910734296292,411.084811024488
27-Jun-2020 04:30:00,2.00435958636792,0.372519764247759,98.998149319263,408.22
27-Jun-2020 04:40:00,2.44722779794226,0.947797160489599,NaN,402.404412716763
27-Jun-2020 04:50:00,2.34691870673293,1.17812565590924,NaN,399.605026176418
27-Jun-2020 05:00:00,2.02208443365922,0.985404921815639,97.5122481265313,395.74236120733
27-Jun-2020 05:10:00,1.17252781715883,0.918109641489343,96.6889143916698,391.986014348857
27-Jun-2020 05:20:00,2.20172354020268,0.846970640080469,98.6580477498215,390.119994091201
27-Jun-2020 05:30:00,2.58493173250536,0.777866201786988,NaN,388.002285086723
27-Jun-2020 05:40:00,1.86483633081493,1.08119070136791,100.328218028329,386.042694979362
27-Jun-2020 05:50:00,1.31829230169533,0.579703652242441,NaN,383.661208080418
27-Jun-2020 06:00:00,2.96459666510575,1.12550334323935,100.396483593772,382.019242254838
27-Jun-2020 06:10:00,1.4583320525309,1.06804569524615,100.800554055527,378.79
27-Jun-2020 06:20:00,2.49882966457546,0.70252953400595,NaN,371.263852888855
27-Jun-2020 06:30:00,1.29736356582105,0.900047797176096,NaN,371.660250881077
27-Jun-2020 06:40:00,1.68576722648871,0.806977815420027,98.7337305887817,363.01
27-Jun-2020 06:50:00,1.1484996305593,0.710757929719004,NaN,364.946833023575
27-Jun-2020 07:00:00,2.34464265274043,1.13167297405101,100.168942577778,363.05
27-Jun-2020 07:10:00,2.1001124403795,1.08623809485721,NaN,361.076453369906
27-Jun-2020 07:20:00,1.61578235409193,1.10262148226229,98.3332696032393,359.04
27-Jun-2020 07:30:00,1.99156575284091,0.417329335420117,100.061083192692,356.24
27-Jun-2020 08:00:00,1.55470516147393,0.507663309612139,100.062336886683,341.201735653335
27-Jun-2020 08:10:00,1.55728353217144,0.547341624459451,105.227882677791,335.418997448665
NaT,0,0,0,0
28-Jun-2020 06:30:00,2.05635519241144,1.19825720222999,NaN,391.89
28-Jun-2020 06:40:00,1.64570276005414,0.621144140098772,101.443195542992,387.510741106255
28-Jun-2020 06:50:00,3.48685184426215,0.990981017544421,98.0408792940209,385.336063895217
28-Jun-2020 07:00:00,1.06067080715774,0.552883134317633,99.6262386001683,382.92
28-Jun-2020 07:10:00,1.80974784479391,0.792867251054793,99.7295348035831,380.324359850965
28-Jun-2020 07:30:00,2.28768601704535,0.379197421320248,100.662457517896,373.055386634845
28-Jun-2020 07:50:00,1.49709492564875,0.582993848706718,100.641642155793,368.335374907201
NaT,0,0,0,0
04-Jul-2020 03:10:00,1.19223714973363,1.25545419944405,99.2810171987327,343.607663494635
04-Jul-2020 03:20:00,1.69545534617911,0.70125585935546,93.0223024034212,338.283095510437
04-Jul-2020 03:30:00,1.98924204906486,0.933003075946816,NaN,336.878756871733
04-Jul-2020 03:40:00,2.09358204645749,0.961034488016872,95.8833552528606,341.717345762634
04-Jul-2020 03:50:00,1.53544211910045,0.79988654824235,NaN,332.542319813572
04-Jul-2020 04:00:00,3.50196241181032,0.76058657460473,95.6383379943445,323.88863714509
04-Jul-2020 04:10:00,0.71658124873684,0.671647364778048,94.4929054300967,320.318987377997
04-Jul-2020 04:20:00,1.63957028531243,0.439282749558194,93.8383079547346,318.120609366184
04-Jul-2020 04:30:00,2.02972814084566,0.773585433704856,97.005267894259,314.632935971072
04-Jul-2020 04:40:00,2.06752343310193,1.02768327024108,NaN,308.99
04-Jul-2020 04:50:00,0.991046813219348,0.820926256319236,102.264062357616,307.998141280312
04-Jul-2020 05:00:00,2.32499538821723,1.16174429851453,NaN,303.361360976586
04-Jul-2020 05:10:00,1.68669355570087,0.792081592261274,NaN,298.99
04-Jul-2020 05:20:00,0.739350909370987,0.622404293872321,98.39692755123,298.379031803594
04-Jul-2020 05:30:00,2.04956634361644,1.26013744414441,101.977327673891,295.97
04-Jul-2020 05:40:00,1.56211725526885,1.10668002879357,100.100501600937,295.01
04-Jul-2020 05:50:00,2.67020245126886,1.44249592208268,NaN,290.574414424009
04-Jul-2020 06:00:00,2.5307661872874,1.67675386798262,99.7574540895853,299.046732491827
04-Jul-2020 06:20:00,2.43507929883029,0.960578140649647,98.999712765501,289.697508634944
04-Jul-2020 06:30:00,2.17644555627876,1.57422282375156,NaN,285.195338769978
04-Jul-2020 06:40:00,1.4063563978444,0.661646869285356,NaN,291.739031083331
04-Jul-2020 06:50:00,1.05100812882472,0.708310977819634,101.424255768852,291.042242373149
04-Jul-2020 07:00:00,1.14816618739016,0.523267309549274,105.051900798214,287.696096429476
04-Jul-2020 07:30:00,2.28607856350286,1.04168872304299,NaN,272.026309253803
NaT,0,0,0,0
NaT,0,0,0,0
NaT,0,0,0,0
NaT,0,0,0,0
NaT,0,0,0,0
NaT,0,0,0,0
05-Jul-2020 04:30:00,1.75720170965356,0.938618753306614,104.421372148643,312.411799097037
05-Jul-2020 04:40:00,2.10944155928966,1.40602251235977,104.437990725267,311.224780375128
05-Jul-2020 04:50:00,1.44231618594483,1.0816228358537,107.531964332997,307.54
05-Jul-2020 05:00:00,2.27602831998428,1.14459672726397,106.051760379995,307.494390287637
05-Jul-2020 05:10:00,0.810861117295791,0.958763276026822,NaN,306.601254684694
05-Jul-2020 05:20:00,2.36799121667491,1.02473308806954,105.114105666349,297.37
05-Jul-2020 05:30:00,1.69128343516384,1.36439759254105,105.443673109901,296.856714965237
05-Jul-2020 05:40:00,1.48791732340226,0.661729714219246,100.955721114529,292.813703703704
05-Jul-2020 05:50:00,1.34345860118102,0.641612418705368,101.372689640092,289.03
NaT,0,0,0,0
NaT,0,0,0,0
05-Jul-2020 07:20:00,2.44704561337187,1.71932405195313,96.1361017769797,263.57
NaT,0,0,0,0
06-Jul-2020 03:30:00,3.91389310679792,1.89378876213153,106.918089222087,342.374350770528
06-Jul-2020 03:40:00,3.85282197939089,2.90872954797645,106.905982330147,338.690011167382
06-Jul-2020 03:50:00,1.90748496941659,1.26565689077905,108.315916649133,332.778166417081
06-Jul-2020 04:00:00,1.43518001328407,1.0925862855102,106.020554189902,333.763872917928
06-Jul-2020 04:10:00,1.4819500559178,1.41621297865217,107.551176329381,329.784340917388
06-Jul-2020 04:20:00,3.63118764850613,3.18332991544364,106.424906571017,340.05420563642
06-Jul-2020 04:30:00,5.11466835312589,3.51023930795561,107.767953377222,332.631844719046
06-Jul-2020 04:40:00,2.00435734036525,1.76245384676345,107.656188278101,320.951349974703
06-Jul-2020 04:50:00,4.0428985716917,2.77026106343624,106.671188910753,314.001276765011
06-Jul-2020 05:00:00,1.86643848050393,0.877935178829898,106.988518013588,309.68
06-Jul-2020 05:10:00,2.14398449630183,1.589244307364,107.279604675988,306.059716544035
06-Jul-2020 05:20:00,1.37176227086392,1.39150277206417,108.060230248061,307.806336911523
06-Jul-2020 05:30:00,3.02126846712685,1.98434417724594,107.68621799746,302.822465324385
06-Jul-2020 05:40:00,1.07573311780234,0.629107443282414,108.472736281303,303.043727636725
06-Jul-2020 05:50:00,1.89452676605612,1.35697193773064,104.339395380546,293.712745160267
06-Jul-2020 06:00:00,2.57222497852133,0.776568524090067,105.118507300721,291.224426206135
06-Jul-2020 06:10:00,1.17668290458703,0.679741008128293,104.362635840014,294.743165834199
06-Jul-2020 06:20:00,3.27558243173609,2.07744157398198,105.488444484276,284.8
NaT,0,0,0,0
NaT,0,0,0,0
NaT,0,0,0,0
NaT,0,0,0,0
NaT,0,0,0,0
NaT,0,0,0,0
NaT,0,0,0,0
NaT,0,0,0,0
NaT,0,0,0,0
NaT,0,0,0,0
NaT,0,0,0,0
11-Jul-2020 03:50:00,3.45059201050561,1.78706697658448,106.90483049006,410.38
11-Jul-2020 04:00:00,1.50220018015184,1.1315832700231,104.334208470614,403.983761455583
11-Jul-2020 04:10:00,2.95862066585042,1.38683204855424,104.8113273961,401.338071632612
11-Jul-2020 04:20:00,1.52317651753491,1.41303148791668,103.909785045221,410.202271475878
11-Jul-2020 04:30:00,3.48941136844445,1.5009728588006,106.251673983738,396.97
11-Jul-2020 04:40:00,1.34544407820759,0.415950809938023,106.790635707949,393.964335286165
11-Jul-2020 04:50:00,1.44554966454042,0.967343803601096,107.820988748491,389.260500715308
11-Jul-2020 05:00:00,1.8352889049817,1.12732564311238,105.585653949385,381.3
11-Jul-2020 05:10:00,3.26633825006626,1.03396463472128,105.612744975625,374.504051920205
11-Jul-2020 05:20:00,4.82705544499549,2.49742979033848,107.889994835634,390.136315789474
11-Jul-2020 05:30:00,6.40868969167733,3.63365045456866,106.412447101985,370.42
11-Jul-2020 05:40:00,2.2506678886619,1.97372068481916,110.656206180922,372.978302890734
11-Jul-2020 05:50:00,3.05498812821939,0.871384770939453,107.773124684409,368.185372459999
11-Jul-2020 06:00:00,2.29787813821917,1.35917515829026,106.320087178551,367.017676571958
11-Jul-2020 06:10:00,4.45640004641832,2.51780082860116,105.876603837355,351.950153719552
11-Jul-2020 06:20:00,1.85691407814223,1.05387746188112,105.583515502776,346.201499137526
11-Jul-2020 06:30:00,2.35939983208147,1.54435275133792,105.899296041649,345.247618251802
11-Jul-2020 06:40:00,1.4163921857078,1.06199672740577,106.876051771306,349.466222944329
11-Jul-2020 06:50:00,3.49676198794053,1.03093888672183,106.866442101716,341.282565211689
11-Jul-2020 07:00:00,1.82828684327796,0.735865639097431,107.042982708493,340.459367721699
11-Jul-2020 07:10:00,2.41991867957557,1.0810549456418,106.712518070939,328.63
11-Jul-2020 07:20:00,3.3903266248887,2.05419094599579,106.144316055989,344.698947368421
11-Jul-2020 07:30:00,5.82085928851459,1.87664339331119,108.082686226395,331.16901703317
11-Jul-2020 07:40:00,1.58730553537374,0.802387841692009,106.978125855927,322.051928478861
11-Jul-2020 07:50:00,1.72280116246639,0.664845538591344,105.847252110668,316.618125756856
11-Jul-2020 08:00:00,0.933853891459225,0.599832535185284,106.768795588889,317.595214008872
11-Jul-2020 08:10:00,4.12482301706915,1.48484429889675,107.089336267458,314.109179676978
11-Jul-2020 08:20:00,2.91601741971853,1.36663046167416,109.168770553162,315.853794368745
11-Jul-2020 09:00:00,1.29310082181066,0.103964826242122,104.377198825479,295.85
11-Jul-2020 09:10:00,2.87277840156954,0.772244124577875,105.22633100163,291.51
NaT,0,0,0,0
12-Jul-2020 04:00:00,2.04301985044416,0.815441206253474,101.340952848875,425.567641209228
12-Jul-2020 04:10:00,1.93414022430911,1.11640764636469,99.8386195007245,422.996471462666
12-Jul-2020 04:20:00,3.47743835950043,1.149833586701,103.617135605606,415.636818181818
12-Jul-2020 04:30:00,2.45996468181176,0.609693993512481,103.879586549858,413.362673771411
12-Jul-2020 04:40:00,2.61793817610748,0.564591238007624,NaN,408.07556577875
12-Jul-2020 04:50:00,1.76684418869457,0.595274436107881,102.4323799424,403.52
12-Jul-2020 05:00:00,1.52217985948465,0.619028232100357,103.164145637515,401.740356015955
12-Jul-2020 05:10:00,2.71269668357897,0.718566269559249,102.870537833433,395.96
12-Jul-2020 05:20:00,2.86394624101481,0.556735974350414,102.66517682757,394.040697790602
12-Jul-2020 05:30:00,1.51399557631344,0.792319821641032,102.475733498356,390.24
12-Jul-2020 05:40:00,2.00010767853677,0.991249945361963,102.26675632804,407.597545493554
12-Jul-2020 05:50:00,2.51510449874665,0.865807546344014,NaN,403.569150911162
12-Jul-2020 06:00:00,1.99051837059683,0.657645594374395,NaN,407.500948996847
12-Jul-2020 06:10:00,1.59408657499256,0.473371667537889,NaN,411.97
12-Jul-2020 06:30:00,1.99084510893773,0.597746979496926,NaN,402.129948841214
12-Jul-2020 06:50:00,1.75964919132651,0.713818159444647,101.401230686227,393.731684655861
12-Jul-2020 07:10:00,1.76001400632223,0.411532723817867,102.713043621876,392.570850335283
12-Jul-2020 07:20:00,1.34869163218047,0.639937532913688,103.212403350355,385.781649071228
12-Jul-2020 07:30:00,2.39218116852972,1.04708916666635,NaN,366.36
12-Jul-2020 07:40:00,2.24164798700831,0.889492541287756,104.260294907507,362.07
12-Jul-2020 07:50:00,1.55339538971329,0.835846669304874,NaN,363.558325634463
NaT,0,0,0,0
13-Jul-2020 04:20:00,1.84025799769361,0.822705826222915,NaN,464.978947368421
13-Jul-2020 04:30:00,1.61745518874584,0.963088713492183,101.62192196609,462.647967294417
13-Jul-2020 04:40:00,3.16622966430081,1.20185166812422,NaN,457
13-Jul-2020 04:50:00,3.37290709578634,0.648059649519054,100.558481570676,453.357641370289
13-Jul-2020 05:00:00,3.03040401784037,0.500302147689432,101.388663537897,447.01
13-Jul-2020 05:10:00,1.88528252624762,1.71830244192777,102.284274645568,444.978132471095
13-Jul-2020 05:20:00,1.5311618455635,1.11300648553225,100.625350234879,441.860537785703
13-Jul-2020 06:10:00,2.76414858483922,0.471903880995594,98.4216881256444,423.004011895911
13-Jul-2020 06:20:00,2.13541395539208,1.44852574586892,103.046932106466,415.300669318049
13-Jul-2020 06:30:00,1.14840842307841,1.04468267974583,104.131504008604,413.88507451108
13-Jul-2020 06:40:00,1.55418934437284,0.370280723062996,105.668088158283,408.715614007674
13-Jul-2020 06:50:00,1.56712247947125,0.842979950454046,102.909114288355,407.168746910869
13-Jul-2020 07:00:00,2.07429869610463,0.779702669491605,102.765553636837,405.551674598978
13-Jul-2020 07:10:00,2.72301113846738,1.52594557048453,106.224369327968,402.145358297414
13-Jul-2020 07:20:00,1.79852487450971,0.469452737815196,101.92594889555,397.847190766192
13-Jul-2020 07:30:00,2.71637437825825,0.669222597864306,104.063749020375,394.643156079122
13-Jul-2020 07:40:00,1.68022515273311,0.648101440603612,104.192983437538,389.680942746828
13-Jul-2020 08:00:00,2.13728339774798,0.307605288035361,104.820117903947,383.348888588146
13-Jul-2020 08:10:00,2.46079617630576,0.923194362232557,105.172717346469,375.772236240829
13-Jul-2020 08:50:00,1.30232816936353,0.202850427288858,103.97061880931,385.201377334465
NaT,0,0,0,0
16-Jul-2020 04:10:00,1.26085604949739,0.930133060995079,NaN,331.97
16-Jul-2020 04:20:00,2.0013082638392,1.0330337767509,100.305812016024,327.99
16-Jul-2020 04:30:00,1.15883238487181,1.08854288846137,NaN,327.85439321429
16-Jul-2020 04:40:00,1.45557852233461,0.865373574556924,NaN,325.051721099624
16-Jul-2020 04:50:00,1.97043065807359,2.27362826787556,99.1090459251706,322.372789594527
16-Jul-2020 05:00:00,1.94306492784228,1.43475128589394,102.819185678056,321.027050949466
16-Jul-2020 05:10:00,1.53696255976401,0.717145474572787,NaN,319
16-Jul-2020 05:20:00,2.2469873314559,1.23477648895212,NaN,317.013187919068
16-Jul-2020 05:30:00,0.790671816918878,0.520864427307443,101.421734236282,313.99
16-Jul-2020 05:40:00,1.38440500674999,0.670184928524903,NaN,314.013098466849
16-Jul-2020 07:20:00,1.42242677484704,0.256395320176161,100.166806334113,286.212800360175
16-Jul-2020 07:30:00,1.34536110478871,0.713846423280612,95.0832642434349,285
16-Jul-2020 07:40:00,1.45912899317338,0.532581968652802,97.7644155073223,283
NaT,0,0,0,0
17-Jul-2020 04:00:00,2.16489678757399,0.763488797787073,NaN,346
17-Jul-2020 04:10:00,0.969817243373744,0.782610822371602,97.6455223921079,345
17-Jul-2020 04:20:00,2.25031487946567,0.806499942889548,97.4232050005934,341.857652811736
17-Jul-2020 04:30:00,1.71836262571923,0.997553226647521,97.3069510973395,337.32042601432
17-Jul-2020 04:40:00,1.72262289236256,0.752356373376228,NaN,336
17-Jul-2020 04:50:00,0.632004180602469,0.586507800934475,NaN,336.748088800692
17-Jul-2020 05:00:00,1.75500656829922,0.807367857835438,98.2079174149772,329.84125174528
17-Jul-2020 05:10:00,2.59582671225876,1.19548314929731,NaN,328.027612169567
17-Jul-2020 05:20:00,0.844781558349916,0.567655349760523,NaN,328.023826113555
17-Jul-2020 05:30:00,2.02328385163218,0.426405164585646,NaN,324.303151862464
17-Jul-2020 05:40:00,1.28291593178914,1.18633210834325,99.7567091573041,319.97
17-Jul-2020 05:50:00,1.27667339476791,0.421374421779815,NaN,319.01
17-Jul-2020 06:20:00,1.4309391134116,0.315184318040884,NaN,313.537823983064
17-Jul-2020 06:30:00,1.12965501986865,0.427682997551952,NaN,310.949420731707
17-Jul-2020 06:40:00,1.48847085012851,0.577820335143535,NaN,307.80502661194
17-Jul-2020 06:50:00,1.3649461433102,0.824434787007038,101.149369038071,306.437061232849
17-Jul-2020 07:50:00,1.20303586907042,0.415425758838627,102.484057896639,290.976098901099
17-Jul-2020 08:00:00,1.38688095868818,0.746544470788581,NaN,287.99
17-Jul-2020 08:10:00,1.03555686560043,0.582948289221191,NaN,287.90779986344
NaT,0,0,0,0
19-Jul-2020 04:40:00,0.960102224367239,0.738520805192742,NaN,313.98
19-Jul-2020 04:50:00,1.47106273542075,0.660107655663909,NaN,310.042476775948
19-Jul-2020 05:00:00,2.5542978614122,0.936141796955067,105.440836952867,306.396804630474
19-Jul-2020 05:10:00,1.80181509613435,0.833755205390866,NaN,305.17
19-Jul-2020 05:20:00,1.0277125508402,0.834516555176757,NaN,302.03
19-Jul-2020 05:30:00,2.16556703360258,1.27934915995047,101.871552263807,301.230683461988
19-Jul-2020 06:10:00,1.72516985178322,0.853171338917733,NaN,287.937015750391
NaT,0,0,0,0
NaT,0,0,0,0
NaT,0,0,0,0
NaT,0,0,0,0
NaT,0,0,0,0
NaT,0,0,0,0
NaT,0,0,0,0
NaT,0,0,0,0
NaT,0,0,0,0
NaT,0,0,0,0
NaT,0,0,0,0
NaT,0,0,0,0
NaT,0,0,0,0
NaT,0,0,0,0
NaT,0,0,0,0
NaT,0,0,0,0
NaT,0,0,0,0
NaT,0,0,0,0
NaT,0,0,0,0
23-Jul-2020 05:30:00,1.66746753334496,1.4546428916935,106.055735401123,283.004128128862
NaT,0,0,0,0
NaT,0,0,0,0
NaT,0,0,0,0
NaT,0,0,0,0
NaT,0,0,0,0
NaT,0,0,0,0
NaT,0,0,0,0
NaT,0,0,0,0
NaT,0,0,0,0
NaT,0,0,0,0
NaT,0,0,0,0
NaT,0,0,0,0
24-Jul-2020 04:40:00,1.43696640987121,0.820893068569736,105.840519350246,308.017501028724
24-Jul-2020 04:50:00,2.39567361993652,0.678631035447491,105.378457901707,305.030526699701
24-Jul-2020 05:00:00,1.33953118219407,0.97936102189284,109.292279321495,301.175345798627
24-Jul-2020 05:10:00,2.3186919728263,1.0570138255044,107.786329785034,296.041857783641
24-Jul-2020 05:20:00,1.73181631314115,0.814612157110777,107.833653151898,292.734025687685
24-Jul-2020 05:30:00,1.54903578034197,0.520297386926825,106.903829390437,293.695272412335
24-Jul-2020 06:40:00,1.6968343543046,0.123954502141726,105.846406521532,285.395111112661
24-Jul-2020 06:50:00,1.59531009152983,0.940529892532005,106.31929871846,286.53
24-Jul-2020 07:00:00,1.78529570043792,0.772761013165032,106.136690825098,283.05
NaT,0,0,0,0
NaT,0,0,0,0
24-Jul-2020 07:30:00,2.85813134481662,0.814387015629883,NaN,280.365542802506
NaT,0,0,0,0
27-Jul-2020 04:40:00,1.80253320381146,0.964612573032439,99.1678498758924,392.01
27-Jul-2020 04:50:00,1.10713812796979,0.59006947822973,100.77725853327,382.809833647724
27-Jul-2020 05:00:00,2.8410795516866,1.39629401089445,100.993465308603,380.924072928527
27-Jul-2020 05:10:00,2.50142972922759,0.557144100479226,100.419085438427,380.236520018139
27-Jul-2020 05:20:00,2.62798137207791,1.02626499406423,100.013233741753,372.725388613277
27-Jul-2020 05:30:00,1.4313265490393,0.731632023338845,100.705841442201,370.599128132438
27-Jul-2020 05:40:00,2.68478867991461,2.12540885950515,101.5381486245,362.316239612856
27-Jul-2020 05:50:00,1.82265136848344,0.541368572721346,99.5802521329021,360.05
27-Jul-2020 07:10:00,2.05589836023887,0.149225077445562,101.260098565247,331.896165748447
27-Jul-2020 07:20:00,2.26541073697412,0.832855706111815,99.9070257165839,332.921628215532
27-Jul-2020 07:30:00,1.36446460358639,0.532326348067917,101.622056031304,330.733101309001
27-Jul-2020 08:10:00,1.78402596745807,0.334406134150218,104.968399474883,313.939444739411
NaT,0,0,0,0
NaT,0,0,0,0
NaT,0,0,0,0
07-Aug-2020 05:40:00,1.99940264805924,1.20217927964675,NaN,316.44243509469
07-Aug-2020 05:50:00,1.96505077880545,0.874314199862759,102.41560079071,316.96681976431
07-Aug-2020 06:00:00,0.843017240380031,0.610388898080003,102.567453671351,318.481801979026
07-Aug-2020 06:10:00,2.37039063814113,0.532054815409453,103.355084436108,313.491316764011
07-Aug-2020 06:20:00,2.16422869116873,0.861085004800449,NaN,308.9
07-Aug-2020 06:30:00,1.58816139995851,1.34634259213079,103.553241339597,308.82
07-Aug-2020 06:40:00,2.12073912501097,1.13408571672831,100.762457605522,301.720125750538
07-Aug-2020 06:50:00,0.814241760393111,0.507513419234719,NaN,299.04801814433
NaT,0,0,0,0
NaT,0,0,0,0
NaT,0,0,0,0
NaT,0,0,0,0
08-Aug-2020 05:10:00,1.60860914412993,0.939726659124739,98.7057482064508,332.197014610918
08-Aug-2020 05:20:00,1.6546575474802,0.921433971156502,99.2466058310511,328.02
08-Aug-2020 05:40:00,1.72068446840381,0.735568795576082,100.636918539352,322.397084060444
08-Aug-2020 06:10:00,1.91851378721609,0.423544083823144,NaN,313.99
08-Aug-2020 06:20:00,2.44251143351616,1.0690257074293,NaN,310.99
08-Aug-2020 06:40:00,2.10527397202811,0.533467419766602,99.6455123048202,303.94
08-Aug-2020 06:50:00,1.84929102143499,1.63615491931735,100.608743253339,302.81478553264
NaT,0,0,0,0
09-Aug-2020 05:10:00,2.21292234013956,0.225915912830233,98.0977044224837,355.91
09-Aug-2020 05:20:00,2.42079272254422,1.39087382638436,100.116099558139,348.588102399583
09-Aug-2020 05:30:00,1.99657339411288,1.45017545522642,NaN,346.98
09-Aug-2020 05:40:00,1.95913730134933,0.842480012279589,NaN,345.48393922514
09-Aug-2020 05:50:00,2.37607470219611,0.747941723768069,NaN,339.01
09-Aug-2020 06:00:00,2.01943917298284,0.888996040458403,NaN,336.98
09-Aug-2020 06:20:00,1.99662464683796,0.345952261205942,NaN,328.02
09-Aug-2020 06:30:00,2.31377792937034,0.821899085200018,98.6554393225248,321.970681189961
09-Aug-2020 06:40:00,1.90737506631661,1.0478184948536,97.4818964025174,318
09-Aug-2020 06:50:00,3.12579385195466,1.07012435032433,98.6342438999406,315.998608297537
NaT,0,0,0,0
22-Aug-2020 04:50:00,0.934517662212867,0.684955784411912,105.126584839057,304.032303172793
22-Aug-2020 05:00:00,2.0560416306786,0.918541621618265,NaN,302.02
22-Aug-2020 05:10:00,2.06222922223982,1.07100881819832,100.559432005057,299.99
22-Aug-2020 05:20:00,1.45825600171309,0.614039250887757,NaN,297.007402881205
NaT,0,0,0,0
NaT,0,0,0,0
NaT,0,0,0,0
NaT,0,0,0,0
NaT,0,0,0,0
NaT,0,0,0,0
01-Sep-2020 04:40:00,1.79390122719593,0.733893805136682,99.5166076504282,308.373647839485
01-Sep-2020 04:50:00,1.98247134472083,0.628251667014126,98.6873746384672,306.269896694215
01-Sep-2020 05:00:00,1.096214868152,0.403111018295087,101.391646886788,307.038245041181
01-Sep-2020 05:10:00,1.33108760996955,0.438401968444104,101.647290957048,305.506134900244
01-Sep-2020 05:20:00,1.43867642739624,0.529075769983073,101.577040102161,302.956735882502
01-Sep-2020 05:30:00,2.05394793426767,0.939703445874489,NaN,301.05
01-Sep-2020 05:40:00,1.83230228483185,1.01693646000837,103.327834285289,297.24999234387
01-Sep-2020 05:50:00,1.47263916355868,0.868291375035559,NaN,292.572792749715
01-Sep-2020 06:00:00,1.35313497227444,0.734310013297147,102.533370620563,291.97
01-Sep-2020 06:10:00,1.94391771371463,0.819854987243125,102.858695511345,287.362858768579
01-Sep-2020 06:20:00,1.23710366948993,0.591273554577924,102.61483732347,285.127340074115
01-Sep-2020 06:30:00,2.12337640824927,0.946762593691668,101.577745573377,283.627128228759
01-Sep-2020 06:40:00,2.04073412085336,1.41187101690464,100.8471167125,277.989062620692
01-Sep-2020 06:50:00,1.53030637158939,0.921284121111595,100.968683417431,278.033775346546
01-Sep-2020 07:00:00,1.53060308562531,0.329337856490032,99.2648898574973,274.78567529879
01-Sep-2020 07:10:00,2.38446723775601,0.560587510597548,98.9338690677531,273.313595430107
01-Sep-2020 07:20:00,0.570324159852644,0.316061194018416,99.8748498934292,273.769330511426
01-Sep-2020 07:30:00,1.87613278895456,0.520434680510841,98.8492642218047,268.648304630402
01-Sep-2020 07:40:00,1.6663318419535,0.479932933771015,99.2327181432127,266.604290338292
01-Sep-2020 07:50:00,1.18150847503066,0.579215279758442,99.3824710950634,265.11
NaT,0,0,0,0
NaT,0,0,0,0
NaT,0,0,0,0
NaT,0,0,0,0
NaT,0,0,0,0
03-Sep-2020 03:20:00,1.65352378290479,0.553969526099113,104.797950212961,334.538336496211
03-Sep-2020 03:30:00,1.70808410818106,0.612761779559323,105.557802868024,332.83
03-Sep-2020 03:40:00,1.68117797866335,0.924889178950359,106.816732461041,329.551996348144
03-Sep-2020 03:50:00,0.958608321008664,0.408259465662018,106.786965348943,328.783604958342
03-Sep-2020 04:00:00,2.41060274290043,0.637649882119153,106.462806017897,324.062046828319
03-Sep-2020 04:10:00,1.98272662326289,0.611682469796975,104.364018941319,318.448007041826
03-Sep-2020 04:20:00,1.7015402037081,1.11021693180282,105.117859299891,315.312550798258
03-Sep-2020 04:30:00,2.21506030515218,0.543212873289282,105.434773028941,311.163436999654
03-Sep-2020 04:40:00,2.37321325157018,0.586211406625558,104.970895303308,305.574726426307
03-Sep-2020 04:50:00,1.45257231440611,0.624034540009286,104.21965201176,301.088791266874
03-Sep-2020 05:00:00,1.72368140832358,0.712810787195118,104.444334130924,297.156977233556
03-Sep-2020 05:10:00,1.79923507055928,0.74134523025176,103.291846633918,286.53
03-Sep-2020 05:20:00,1.18429181390298,0.583805972350505,103.228109911307,286.006962881409
03-Sep-2020 05:30:00,2.6520347797753,1.09588001188864,104.395566983001,283.289126183455
03-Sep-2020 05:40:00,1.23467920319691,0.837045636819447,104.701963701647,283.06
NaT,0,0,0,0
NaT,0,0,0,0
NaT,0,0,0,0
06-Sep-2020 03:50:00,2.92559341744573,0.705087045800111,107.186536144286,350.436179221287
06-Sep-2020 04:00:00,1.99133524503268,1.30267546651715,104.474081384502,346.184003863152
06-Sep-2020 04:10:00,2.31785592023316,0.878713011611955,106.40862398481,344.074181748356
06-Sep-2020 04:20:00,2.33019452830234,0.73100993124294,109.025660853516,343.993455988456
06-Sep-2020 04:30:00,1.71641102182302,1.07885085996085,108.854463601087,341.046212869216
06-Sep-2020 04:40:00,2.7773928413864,1.56663740354058,108.566812214671,332.092729528536
06-Sep-2020 04:50:00,1.26143877131171,1.08431350273881,104.905125540973,315.176753487334
06-Sep-2020 05:00:00,2.49528257713131,0.561883023569891,107.283434345236,328.791336219608
06-Sep-2020 05:10:00,0.951633215191598,0.323905030119891,112.391410991062,340.05927900127
06-Sep-2020 05:30:00,2.96736553157066,0.548108131354932,112.151172696772,325.521809332862
06-Sep-2020 05:40:00,1.65707818658953,1.22386910717719,109.722508508295,321.76221298352
06-Sep-2020 05:50:00,1.58226478953986,0.863499717739535,112.128568963334,322.187292229797
